datetime,star_count,watcher_count,fork_count,issue_count
2026-02-20T14:11:49.978978+00:00,0,0,0,0
2026-02-20T18:20:59.593137+00:00,0,0,0,0
2026-02-21T00:42:18.793739+00:00,0,0,0,0
2026-02-21T06:20:19.264181+00:00,0,0,0,3
2026-02-21T18:13:51.257575+00:00,0,0,1,2
2026-02-22T00:45:23.290829+00:00,1,1,1,2
2026-02-22T06:23:04.834002+00:00,1,1,1,2
2026-02-22T18:13:46.489857+00:00,1,1,1,2
2026-02-23T06:34:35.368338+00:00,1,1,1,2
2026-02-23T13:21:42.641235+00:00,1,1,1,2
2026-02-23T18:30:10.573683+00:00,1,1,1,2
2026-02-24T00:42:19.318860+00:00,1,1,1,2
2026-02-24T06:30:02.736899+00:00,1,1,1,2
2026-02-24T18:28:18.653536+00:00,1,1,1,2
2026-02-25T06:32:36.596690+00:00,1,1,1,2
2026-02-25T18:30:50.618022+00:00,1,1,1,2
2026-02-26T00:42:16.625652+00:00,1,1,1,2
2026-02-26T12:24:17.855445+00:00,1,1,1,2
2026-02-26T18:23:32.388835+00:00,1,1,1,2
2026-02-27T12:20:12.430256+00:00,1,1,1,2
2026-02-28T00:39:26.364188+00:00,1,1,1,3
2026-02-28T12:15:22.708035+00:00,4,4,3,8
2026-02-28T18:12:23.646289+00:00,4,4,5,10
2026-03-01T00:50:17.768029+00:00,4,4,5,6
2026-03-01T06:22:50.928819+00:00,4,4,7,3
2026-03-01T18:12:50.376790+00:00,5,5,7,4
2026-03-02T00:44:27.222407+00:00,5,5,7,4
2026-03-02T06:28:48.952599+00:00,5,5,8,11
2026-03-02T12:21:11.713055+00:00,5,5,9,12
2026-03-02T16:29:42.829452+00:00,5,5,9,11
2026-03-02T16:33:02.473940+00:00,5,5,9,11
2026-03-03T00:44:59.760289+00:00,6,6,10,10
2026-03-03T06:25:14.713784+00:00,7,7,10,10
2026-03-03T12:21:08.891849+00:00,7,7,10,10
2026-03-03T18:23:23.578040+00:00,7,7,11,6
2026-03-04T00:43:00.028628+00:00,7,7,11,5
2026-03-04T06:23:12.476441+00:00,8,8,11,8
2026-03-04T12:20:39.593400+00:00,8,8,11,8
2026-03-05T00:44:26.917458+00:00,8,8,11,1
2026-03-05T06:25:06.239141+00:00,8,8,11,1
2026-03-05T18:44:01.846134+00:00,8,8,11,6
2026-03-06T00:47:17.841497+00:00,8,8,12,6
2026-03-06T06:23:34.885473+00:00,8,8,12,6
2026-03-06T12:19:34.562830+00:00,9,9,12,6
2026-03-06T22:18:19.140800+00:00,10,10,12,6
2026-03-07T00:42:07.187842+00:00,13,13,12,6
2026-03-07T06:17:51.460655+00:00,13,13,12,6
2026-03-08T00:45:19.459243+00:00,13,13,12,6
2026-03-08T06:21:08.515006+00:00,13,13,12,5
2026-03-08T18:12:55.952579+00:00,13,13,12,4
2026-03-09T00:44:53.003777+00:00,13,13,12,4
2026-03-09T12:21:46.206293+00:00,13,13,12,5
2026-03-09T18:24:25.797070+00:00,13,13,12,3
2026-03-10T00:40:47.913173+00:00,14,14,12,6
2026-03-10T06:24:11.516862+00:00,14,14,12,6
2026-03-10T18:24:16.769396+00:00,15,15,12,6
2026-03-11T00:40:58.916341+00:00,16,16,12,6
2026-03-11T06:25:28.837326+00:00,16,16,12,7
2026-03-11T12:21:31.663191+00:00,16,16,12,5
2026-03-11T18:26:14.709524+00:00,17,17,12,5
2026-03-12T00:37:57.825004+00:00,17,17,12,5
2026-03-12T06:26:33.498317+00:00,18,18,12,5
2026-03-12T18:25:09.525763+00:00,19,19,13,5
2026-03-13T00:43:36.585804+00:00,19,19,13,5
2026-03-13T06:25:45.910417+00:00,19,19,12,5
2026-03-13T15:04:28.333024+00:00,20,20,12,5
2026-03-13T18:18:10.319357+00:00,21,21,12,5
2026-03-14T00:41:45.479867+00:00,21,21,12,5
2026-03-14T06:23:40.599411+00:00,22,22,12,5
2026-03-14T12:17:14.965591+00:00,23,23,12,5
2026-03-14T18:14:50.367467+00:00,23,23,12,5
2026-03-15T00:51:25.257755+00:00,23,23,12,5
2026-03-15T06:29:56.078504+00:00,23,23,12,5
2026-03-16T06:42:35.942253+00:00,26,26,13,5
2026-03-16T12:28:09.261882+00:00,31,31,13,5
2026-03-16T18:28:50.610033+00:00,35,35,13,5
2026-03-17T00:42:54.617209+00:00,40,40,13,5
2026-03-17T06:32:31.684805+00:00,47,47,13,5
2026-03-17T12:26:48.859509+00:00,49,49,13,5
2026-03-17T18:28:13.233660+00:00,55,55,14,5
2026-03-17T23:02:59.664648+00:00,60,60,14,5
2026-03-18T00:46:16.497390+00:00,61,61,14,5
2026-03-18T06:32:57.092632+00:00,65,65,14,5
2026-03-18T12:28:13.973410+00:00,70,70,14,5
2026-03-18T18:28:27.752219+00:00,72,72,14,5
2026-03-19T00:46:18.192440+00:00,75,75,14,5
2026-03-19T06:29:58.234519+00:00,75,75,14,5
2026-03-19T12:22:21.667005+00:00,77,77,14,5
2026-03-19T18:25:56.533393+00:00,78,78,14,5
2026-03-20T00:44:15.067860+00:00,77,77,15,5
2026-03-20T06:27:44.462265+00:00,79,79,15,5
2026-03-20T12:20:45.668688+00:00,80,80,15,5
2026-03-20T18:20:51.129015+00:00,92,92,15,6
2026-03-21T00:42:00.203964+00:00,98,98,15,4
2026-03-21T06:21:02.487871+00:00,101,101,15,4
2026-03-21T12:16:17.776296+00:00,106,106,15,5
2026-03-21T18:13:59.358232+00:00,108,108,15,4
2026-03-22T00:47:34.189757+00:00,113,113,15,4
2026-03-22T06:25:39.895660+00:00,115,115,15,4
2026-03-22T12:16:55.243355+00:00,119,119,15,4
2026-03-22T18:14:37.099249+00:00,122,122,16,4
2026-03-23T00:48:19.273410+00:00,142,142,18,4
2026-03-23T06:37:12.665767+00:00,152,152,19,4
2026-03-23T12:26:11.250898+00:00,163,163,19,5
2026-03-23T18:25:13.541707+00:00,169,169,19,5
2026-03-24T00:40:06.906867+00:00,172,172,19,3
2026-03-24T06:33:05.539339+00:00,174,174,19,3
2026-03-24T12:27:42.352425+00:00,179,179,19,3
2026-03-24T18:28:31.621073+00:00,182,182,19,5
2026-03-25T00:46:04.904578+00:00,186,186,19,4
2026-03-25T06:32:06.451479+00:00,188,188,19,4
2026-03-25T12:25:54.674078+00:00,189,189,19,4
2026-03-25T18:27:23.852254+00:00,189,189,19,4
2026-03-26T00:49:09.652616+00:00,191,191,19,3
2026-03-26T06:35:30.797020+00:00,193,193,19,3
2026-03-26T12:30:42.637989+00:00,196,196,19,3
2026-03-26T18:30:29.845972+00:00,197,197,19,4
2026-03-27T00:49:33.271196+00:00,198,198,19,5
2026-03-27T06:36:23.688636+00:00,199,199,19,1
2026-03-27T12:23:46.117375+00:00,200,200,19,1
2026-03-27T18:26:35.526474+00:00,203,203,19,1
2026-03-28T00:45:08.140447+00:00,206,206,19,1
2026-03-28T06:29:29.001103+00:00,226,226,20,1
2026-03-28T12:19:11.099115+00:00,236,236,20,1
2026-03-28T18:15:47.083339+00:00,260,260,21,3
2026-03-29T00:52:11.627807+00:00,280,280,21,3
2026-03-29T06:33:33.097767+00:00,290,290,21,4
2026-03-29T12:19:20.923224+00:00,302,302,22,6
2026-03-29T17:15:22.709801+00:00,307,307,23,6
2026-03-29T17:23:13.063141+00:00,307,307,23,6
2026-03-29T17:23:13.063141+00:00,307,307,23,6
2026-03-29T17:25:25.964090+00:00,307,307,23,6
2026-03-29T17:28:46.767690+00:00,307,307,23,6
2026-03-29T18:16:51.448112+00:00,307,307,23,6
2026-03-30T00:51:48.121205+00:00,311,311,23,6
2026-03-30T06:48:48.197500+00:00,315,315,23,6
2026-03-30T12:30:31.556312+00:00,318,318,23,6
2026-03-30T18:28:36.921536+00:00,320,320,23,6
2026-03-31T00:49:03.072780+00:00,322,322,23,6
2026-03-31T06:39:18.195115+00:00,323,323,24,6
2026-03-31T12:30:28.956058+00:00,328,328,24,6
2026-03-31T18:27:57.371297+00:00,330,330,24,6
2026-04-01T00:54:51.116588+00:00,332,332,24,6
2026-04-01T06:46:01.403880+00:00,332,332,24,6
2026-04-01T12:31:09.492797+00:00,333,333,24,6
2026-04-01T18:27:27.962348+00:00,336,336,24,7
2026-04-02T00:46:35.727668+00:00,340,340,24,7
2026-04-02T06:37:04.489811+00:00,340,340,24,7
2026-04-02T12:30:15.802608+00:00,344,344,24,7
2026-04-02T18:27:05.402588+00:00,344,344,24,7
2026-04-03T00:49:26.955064+00:00,344,344,24,4
2026-04-03T06:35:48.480468+00:00,346,346,24,4
2026-04-03T12:23:55.285128+00:00,348,348,24,5
2026-04-03T18:20:27.893897+00:00,352,352,24,6
2026-04-04T00:45:32.428279+00:00,353,353,24,6
2026-04-04T06:30:48.792755+00:00,353,353,24,6
2026-04-04T12:19:32.895939+00:00,354,354,24,7
2026-04-04T18:16:53.867894+00:00,356,356,24,6
2026-04-05T00:52:34.377219+00:00,357,357,24,6
2026-04-05T06:35:07.943236+00:00,357,357,24,6
2026-04-05T12:20:12.743396+00:00,357,357,24,6
2026-04-05T18:17:27.650721+00:00,360,360,24,6
2026-04-06T00:52:08.265075+00:00,362,362,24,6
2026-04-06T06:49:32.912060+00:00,365,365,24,6
2026-04-06T12:27:57.741675+00:00,370,370,24,6
2026-04-06T18:28:09.534853+00:00,374,374,24,3
2026-04-07T00:50:34.602032+00:00,376,376,25,3
2026-04-07T06:41:11.351782+00:00,377,377,25,3
2026-04-07T12:31:13.461318+00:00,381,381,25,3
2026-04-07T18:27:49.355652+00:00,382,382,25,3
2026-04-08T00:50:47.191626+00:00,383,383,26,3
2026-04-08T06:42:40.221601+00:00,384,384,26,3
2026-04-08T12:30:44.433037+00:00,386,386,26,3
2026-04-08T18:36:03.617938+00:00,386,386,27,5
2026-04-09T00:42:34.637913+00:00,389,389,27,5
2026-04-09T06:42:52.324527+00:00,389,389,27,5
2026-04-09T12:34:05.324617+00:00,391,391,27,5
2026-04-09T18:29:22.266064+00:00,392,392,27,5
2026-04-10T00:50:17.036915+00:00,393,393,27,5
2026-04-10T06:47:37.961944+00:00,393,393,28,5
2026-04-10T12:26:25.935733+00:00,393,393,29,5
2026-04-10T18:26:25.917123+00:00,396,396,29,6
2026-04-11T00:48:29.681661+00:00,396,396,29,6
2026-04-11T06:31:12.838986+00:00,396,396,29,6
2026-04-11T12:20:51.855465+00:00,397,397,29,7
2026-04-11T18:17:36.585294+00:00,397,397,29,5
2026-04-12T00:54:39.544817+00:00,397,397,29,6
2026-04-12T06:41:59.201687+00:00,397,397,29,6
2026-04-12T12:21:43.746602+00:00,397,397,30,9
2026-04-12T18:20:46.402056+00:00,398,398,30,8
2026-04-13T00:55:28.103212+00:00,400,400,30,8
2026-04-13T06:56:58.483460+00:00,400,400,30,8
2026-04-13T12:35:09.469140+00:00,402,402,31,8
2026-04-13T18:35:25.585240+00:00,402,402,31,7
2026-04-14T00:55:00.501820+00:00,402,402,31,8
2026-04-14T06:48:00.738143+00:00,403,403,31,5
2026-04-14T12:33:10.539150+00:00,403,403,31,5
2026-04-14T18:34:47.306780+00:00,403,403,31,4
2026-04-15T00:55:30.516619+00:00,404,404,31,4
2026-04-15T06:48:16.607090+00:00,406,406,31,5
2026-04-15T12:33:25.019129+00:00,406,406,31,5
2026-04-15T18:34:26.577550+00:00,406,406,31,4
2026-04-16T00:56:51.553513+00:00,406,406,31,4
2026-04-16T06:49:23.305833+00:00,407,407,32,3
2026-04-16T12:34:52.619747+00:00,408,408,32,3
2026-04-16T18:35:07.488158+00:00,408,408,32,3
2026-04-17T00:54:58.117807+00:00,407,407,32,3
2026-04-17T06:49:01.438334+00:00,407,407,32,3
2026-04-17T12:31:43.201900+00:00,410,410,32,3
2026-04-17T18:26:27.024585+00:00,448,448,33,3
2026-04-18T00:49:50.724078+00:00,458,458,33,4
2026-04-18T06:36:00.401538+00:00,464,464,33,5
2026-04-18T12:21:43.405855+00:00,475,475,33,4
2026-04-18T18:21:12.521299+00:00,485,485,33,6
2026-04-19T00:57:07.948207+00:00,493,493,34,6
2026-04-19T06:44:44.132488+00:00,496,496,34,6
2026-04-19T12:21:53.457200+00:00,502,502,34,6
2026-04-19T18:21:08.126675+00:00,513,513,34,6
2026-04-20T00:55:35.748454+00:00,517,517,34,6
2026-04-20T06:58:32.637486+00:00,518,518,34,6
2026-04-20T12:37:46.245475+00:00,521,521,34,6
2026-04-20T18:30:07.719835+00:00,525,525,34,5
2026-04-21T00:55:21.440805+00:00,525,525,34,5
2026-04-21T06:49:54.421346+00:00,525,525,34,5
2026-04-21T12:34:34.727395+00:00,531,531,33,5
2026-04-21T18:32:51.587993+00:00,533,533,33,5
2026-04-22T00:52:12.333027+00:00,536,536,33,5
2026-04-22T06:49:21.536275+00:00,538,538,33,4
2026-04-22T12:33:19.530473+00:00,541,541,33,4
2026-04-22T18:32:32.779167+00:00,544,544,33,4
2026-04-23T00:56:31.751671+00:00,544,544,33,4
2026-04-23T06:49:57.605993+00:00,546,546,33,4
2026-04-23T12:32:54.594117+00:00,548,548,33,4
2026-04-23T18:34:52.043808+00:00,551,551,34,4
2026-04-24T00:57:33.527993+00:00,554,554,34,4
2026-04-24T06:50:35.490588+00:00,554,554,34,4
2026-04-24T12:33:10.370824+00:00,555,555,34,4
2026-04-24T18:22:39.482550+00:00,557,557,34,4
2026-04-25T00:52:09.336712+00:00,559,559,34,4
2026-04-25T06:39:58.317498+00:00,562,562,34,4
2026-04-25T12:24:08.211121+00:00,562,562,34,5
2026-04-25T18:22:25.075452+00:00,566,566,35,5
2026-04-26T00:58:48.964158+00:00,570,570,35,4
2026-04-26T06:48:07.117036+00:00,572,572,35,4
2026-04-26T12:25:20.949172+00:00,572,572,35,4
2026-04-26T18:23:21.255528+00:00,574,574,35,4
2026-04-27T00:58:53.550155+00:00,577,577,35,4
2026-04-27T07:06:55.117842+00:00,577,577,36,4
2026-04-27T12:45:02.598417+00:00,582,582,36,5
2026-04-27T18:38:00.969296+00:00,584,584,36,6
2026-04-28T01:00:12.099710+00:00,589,589,36,6
2026-04-28T07:06:50.011184+00:00,592,592,36,6
2026-04-28T12:48:53.259310+00:00,594,594,36,6
2026-04-28T18:41:43.656879+00:00,598,598,36,6
2026-04-29T01:01:35.721045+00:00,600,600,37,7
2026-04-29T07:01:26.979140+00:00,612,612,37,6
2026-04-29T12:45:21.042931+00:00,616,616,37,7
2026-04-29T18:40:19.673221+00:00,620,620,37,7
2026-04-30T01:01:20.707097+00:00,624,624,38,7
2026-04-30T07:04:11.414435+00:00,627,627,38,8
2026-04-30T12:44:21.309729+00:00,631,631,38,8
2026-04-30T18:39:56.713329+00:00,634,634,38,8
2026-05-01T01:06:07.687403+00:00,636,636,38,7
2026-05-01T07:05:45.174988+00:00,636,636,38,7
2026-05-01T12:31:43.742522+00:00,638,638,38,5
2026-05-01T18:33:12.337454+00:00,639,639,38,5
